feature,importance
task_completed,0.4011117144790536
click_count,0.37169190925072176
error_message_clarity,0.07229810245424319
completion_time,0.05591902959248546
feedback_delay,0.040975713255903046
keyboard_count,0.032380769373520156
retry_count,0.013247613976523865
error_count,0.010659087007217512
scroll_count,0.0017160606103315515
screenshot_count,0.0
failed_clicks,0.0
