,completion_time,click_count,scroll_count,keyboard_count,retry_count,error_count,failed_clicks,feedback_delay,task_completed,screenshot_count,error_message_clarity
Low,-17.67405810219428,-2.7704298845227644,0.6902312719315327,-0.4030752853862573,-3.934848686004413,-5.722985102912872,-1.7321338562820245,-3.94217116041417,-0.889667478417648,4.299901404439255,0.8578774189341779
Medium,8.933683820957798,2.5908898718605067,0.1806871878287302,0.40506073311578633,2.3410080342066757,1.2615018207167352,-0.2811237170869292,1.2481575410778032,1.0326019242213105,-2.538787723784458,0.6480471449346075
High,8.74037428123671,0.17954001266200387,-0.8709184597602746,-0.001985447729524651,1.5938406517976424,4.461483282195912,2.013257573369119,2.694013619336342,-0.14293444580368872,-1.7611136806548193,-1.5059245638687546
