feature,importance
click_count,0.1815425741307082
task_completed,0.17285694288907358
retry_count,0.15656359420801103
completion_time,0.11374567342901167
error_count,0.1068221413020683
scroll_count,0.09204146502303433
feedback_delay,0.06304591018508586
keyboard_count,0.03988686400539863
error_message_clarity,0.03679730373799822
failed_clicks,0.031146189890694825
screenshot_count,0.005551341198915332
